{
  "robotWidth": 0.749,
  "robotLength": 0.752,
  "holonomicMode": true,
  "pathFolders": [],
  "autoFolders": [],
  "defaultMaxVel": 0.75,
  "defaultMaxAccel": 0.5,
  "defaultMaxAngVel": 240.0,
  "defaultMaxAngAccel": 120.0,
  "defaultNominalVoltage": 12.0,
  "robotMass": 27.0,
  "robotMOI": 2.53463625,
  "robotTrackwidth": 0.546,
  "driveWheelRadius": 0.048,
  "driveGearing": 6.75,
  "maxDriveSpeed": 3.6,
  "driveMotorType": "NEO",
  "driveCurrentLimit": 40.0,
  "wheelCOF": 1.2,
  "flModuleX": 0.30532870811708,
  "flModuleY": 0.30532870811708,
  "frModuleX": 0.30532870811708,
  "frModuleY": -0.30532870811708,
  "blModuleX": -0.30532870811708,
  "blModuleY": 0.30532870811708,
  "brModuleX": -0.30532870811708,
  "brModuleY": -0.30532870811708,
  "bumperOffsetX": 0.0,
  "bumperOffsetY": 0.0,
  "robotFeatures": []
}